0050a9,172.18.0.5,GET,https://hassen-wondem.ddev.site/,1759099048,0050a9,200,request
4b83fb,172.18.0.5,GET,https://hassen-wondem.ddev.site/admin/structure/block/manage/wondem_backendserversideblock,1759100019,4b83fb,200,request
4ae2d8,172.18.0.5,GET,https://hassen-wondem.ddev.site/admin/structure/block/manage/wondem_backendserversideblock,1759100019,4b83fb,200,request
1d57cf,172.18.0.5,GET,https://hassen-wondem.ddev.site/admin/structure/block/manage/wondem_backendserversideblock,1759100019,4b83fb,200,request
e6be3e,172.18.0.5,GET,https://hassen-wondem.ddev.site/admin/structure/block/manage/wondem_backendserversideblock,1759100019,4b83fb,200,request
841dfc,172.18.0.5,GET,https://hassen-wondem.ddev.site/admin/structure/block/manage/wondem_backendserversideblock,1759100019,4b83fb,200,request
0abbc8,172.18.0.5,GET,https://hassen-wondem.ddev.site/admin/structure/block/manage/wondem_backendserversideblock,1759100019,4b83fb,200,request
540166,172.18.0.5,GET,https://hassen-wondem.ddev.site/admin/structure/block/manage/wondem_backendserversideblock,1759100019,4b83fb,200,request
5d34fc,172.18.0.5,GET,https://hassen-wondem.ddev.site/admin/structure/block/manage/wondem_backendserversideblock,1759100019,4b83fb,200,request
3e078d,172.18.0.5,GET,https://hassen-wondem.ddev.site/admin/structure/block/manage/wondem_backendserversideblock,1759100019,4b83fb,200,request
6d9b7c,172.18.0.5,GET,https://hassen-wondem.ddev.site/admin/structure/block/manage/wondem_backendserversideblock,1759100019,4b83fb,200,request
7c935a,172.18.0.5,GET,https://hassen-wondem.ddev.site/admin/structure/block/manage/wondem_backendserversideblock,1759100019,4b83fb,200,request
2b7a23,172.18.0.5,GET,https://hassen-wondem.ddev.site/admin/structure/block/manage/wondem_backendserversideblock,1759100019,4b83fb,200,request
1eccbe,172.18.0.5,GET,https://hassen-wondem.ddev.site/admin/config,1759100021,1eccbe,200,request
f9aa56,172.18.0.5,GET,https://hassen-wondem.ddev.site/admin/config,1759100021,1eccbe,200,request
83fbfe,172.18.0.5,GET,https://hassen-wondem.ddev.site/admin/config,1759100021,1eccbe,200,request
8834ac,172.18.0.5,GET,https://hassen-wondem.ddev.site/admin/config,1759100021,1eccbe,200,request
70039d,172.18.0.5,GET,https://hassen-wondem.ddev.site/admin/config,1759100021,1eccbe,200,request
611930,172.18.0.5,GET,https://hassen-wondem.ddev.site/admin/config,1759100021,1eccbe,200,request
80c31b,172.18.0.5,GET,https://hassen-wondem.ddev.site/admin/config,1759100021,1eccbe,200,request
a74a7f,172.18.0.5,GET,https://hassen-wondem.ddev.site/admin/config,1759100021,1eccbe,200,request
0b17d9,172.18.0.5,GET,https://hassen-wondem.ddev.site/admin/config,1759100021,1eccbe,200,request
02160d,172.18.0.5,GET,https://hassen-wondem.ddev.site/admin/config/development/configuration,1759100025,02160d,200,request
c85aba,172.18.0.5,GET,https://hassen-wondem.ddev.site/admin/config/development/configuration,1759100025,02160d,200,request
1044d9,172.18.0.5,GET,https://hassen-wondem.ddev.site/admin/config/development/configuration,1759100025,02160d,200,request
786696,172.18.0.5,GET,https://hassen-wondem.ddev.site/admin/config/development/configuration,1759100025,02160d,200,request
61ee78,172.18.0.5,GET,https://hassen-wondem.ddev.site/admin/config/development/configuration,1759100025,02160d,200,request
619851,172.18.0.5,GET,https://hassen-wondem.ddev.site/admin/config/development/configuration,1759100025,02160d,200,request
4b688a,172.18.0.5,GET,https://hassen-wondem.ddev.site/admin/config/development/configuration,1759100025,02160d,200,request
9c6647,172.18.0.5,GET,https://hassen-wondem.ddev.site/admin/config/development/configuration,1759100025,02160d,200,request
31a5f0,172.18.0.5,GET,https://hassen-wondem.ddev.site/admin/config/development/configuration,1759100025,02160d,200,request
67fbb4,172.18.0.5,GET,https://hassen-wondem.ddev.site/admin/config/development/configuration,1759100025,02160d,200,request
4c8262,172.18.0.5,GET,https://hassen-wondem.ddev.site/admin/config/development/configuration,1759100025,02160d,200,request
6058e1,172.18.0.5,GET,https://hassen-wondem.ddev.site/,1759100366,6058e1,200,request
8e3b21,172.18.0.5,GET,https://hassen-wondem.ddev.site/,1759100366,6058e1,200,request
dd8f51,172.18.0.5,GET,https://hassen-wondem.ddev.site/,1759100366,6058e1,200,request
9112cd,172.18.0.5,GET,https://hassen-wondem.ddev.site/,1759100366,6058e1,200,request
c91271,172.18.0.5,GET,https://hassen-wondem.ddev.site/,1759100366,6058e1,200,request
9974f7,172.18.0.5,GET,https://hassen-wondem.ddev.site/,1759100366,6058e1,200,request
80595f,172.18.0.5,GET,https://hassen-wondem.ddev.site/,1759100366,6058e1,200,request
9ac237,172.18.0.5,POST,https://hassen-wondem.ddev.site/history/2/read,1759100367,9ac237,200,request
